problem,size,seed,runtime
maxcut,5,0,0.013893644929999999
maxcut,5,1,0.00802066098
maxcut,5,2,0.007007838289999997
maxcut,5,3,0.007930403469999998
maxcut,5,4,0.007455064299999998
maxcut,5,5,0.006938222239999998
maxcut,5,6,0.007460281799999997
maxcut,5,7,0.007505661309999994
maxcut,5,8,0.008526403499999996
maxcut,5,9,0.00785276421999999
maxcut,5,10,0.006885416119999999
maxcut,5,11,0.006364814190000008
maxcut,5,12,0.007446396310000001
maxcut,5,13,0.008338385099999996
maxcut,5,14,0.007957837429999995
maxcut,5,15,0.007369186089999999
maxcut,5,16,0.007814834560000001
maxcut,5,17,0.007312126839999991
maxcut,5,18,0.007291423500000001
maxcut,5,19,0.007699178179999997
maxcut,5,20,0.00671237927
maxcut,5,21,0.007324022419999992
maxcut,5,22,0.008471366160000002
maxcut,5,23,0.007389919909999989
maxcut,5,24,0.00683675534999999
maxcut,5,25,0.007385095630000009
maxcut,5,26,0.007311601349999997
maxcut,5,27,0.007970911780000024
maxcut,5,28,0.00785542496999998
maxcut,5,29,0.007299275270000009
maxcut,5,30,0.0073957278500000005
maxcut,5,31,0.0073706028000000146
maxcut,5,32,0.007363009579999975
maxcut,5,33,0.0067927130800000055
maxcut,5,34,0.007245905089999987
maxcut,5,35,0.0067069451500000096
maxcut,5,36,0.0068906228700000224
maxcut,5,37,0.006867944760000029
maxcut,5,38,0.00784345614000003
maxcut,5,39,0.007328817590000014
maxcut,5,40,0.007880931189999956
maxcut,5,41,0.007251414209999965
maxcut,5,42,0.006429822249999972
maxcut,5,43,0.007377123859999984
maxcut,5,44,0.007371444050000022
maxcut,5,45,0.007316629300000059
maxcut,5,46,0.00794188167999998
maxcut,5,47,0.00730969137999999
maxcut,5,48,0.007439483189999976
maxcut,5,49,0.00747280411999995
maxcut,5,50,0.0143484144
maxcut,5,51,0.007333231329999999
maxcut,5,52,0.008429673270000002
maxcut,5,53,0.007773656289999993
maxcut,5,54,0.00788980391
maxcut,5,55,0.007808077340000006
maxcut,5,56,0.007865181890000007
maxcut,5,57,0.007870696859999988
maxcut,5,58,0.007864976119999999
maxcut,5,59,0.007922443969999993
maxcut,5,60,0.007746165759999996
maxcut,5,61,0.007844576959999986
maxcut,5,62,0.008187896509999994
maxcut,5,63,0.007742272339999996
maxcut,5,64,0.007762781549999999
maxcut,5,65,0.007814018409999991
maxcut,5,66,0.0077169864900000105
maxcut,5,67,0.008428003789999998
maxcut,5,68,0.007244032780000005
maxcut,5,69,0.008258660209999996
maxcut,5,70,0.007803519339999987
maxcut,5,71,0.007872630660000013
maxcut,5,72,0.007302279079999998
maxcut,5,73,0.007821558599999995
maxcut,5,74,0.008278879920000008
maxcut,5,75,0.008278064399999998
maxcut,5,76,0.008304391380000027
maxcut,5,77,0.00842062514000002
maxcut,5,78,0.007834193419999984
maxcut,5,79,0.00822950174999999
maxcut,5,80,0.007738907829999988
maxcut,5,81,0.007877369220000006
maxcut,5,82,0.007888194300000002
maxcut,5,83,0.00877614542
maxcut,5,84,0.00841216523
maxcut,5,85,0.007772271879999976
maxcut,5,86,0.007862316989999982
maxcut,5,87,0.008258875739999994
maxcut,5,88,0.007288450739999988
maxcut,5,89,0.007772990729999946
maxcut,5,90,0.007776842359999989
maxcut,5,91,0.008255157420000003
maxcut,5,92,0.007137700749999993
maxcut,5,93,0.00822566172000002
maxcut,5,94,0.00825835583
maxcut,5,95,0.008113629659999972
maxcut,5,96,0.008288886149999968
maxcut,5,97,0.007270143929999975
maxcut,5,98,0.008699953899999996
maxcut,5,99,0.008857273519999964
maxcut,6,0,0.01700453062000001
maxcut,6,1,0.01839112861000004
maxcut,6,2,0.016117989250000023
maxcut,6,3,0.01685890792000002
maxcut,6,4,0.01706484362999994
maxcut,6,5,0.009022631019999991
maxcut,6,6,0.018025587890000024
maxcut,6,7,0.018059357969999964
maxcut,6,8,0.018037804340000036
maxcut,6,9,0.018436055590000038
maxcut,6,10,0.016091772139999988
maxcut,6,11,0.017449144010000025
maxcut,6,12,0.018030761320000012
maxcut,6,13,0.0173712916800001
maxcut,6,14,0.017075941949999986
maxcut,6,15,0.01830634024999995
maxcut,6,16,0.01713787812999996
maxcut,6,17,0.016047674889999967
maxcut,6,18,0.017089729209999974
maxcut,6,19,0.015960508359999893
maxcut,6,20,0.015862463870000027
maxcut,6,21,0.01724112797999993
maxcut,6,22,0.01826319663999996
maxcut,6,23,0.017400398210000105
maxcut,6,24,0.017190334630000022
maxcut,6,25,0.017333543230000005
maxcut,6,26,0.01594043823000007
maxcut,6,27,0.017285375829999908
maxcut,6,28,0.017922975550000046
maxcut,6,29,0.015846315989999908
maxcut,6,30,0.01802178128999998
maxcut,6,31,0.01602197726
maxcut,6,32,0.018319063059999932
maxcut,6,33,0.015898767880000123
maxcut,6,34,0.009078932409999964
maxcut,6,35,0.014759850530000023
maxcut,6,36,0.017139696739999977
maxcut,6,37,0.017356463879999923
maxcut,6,38,0.018175351029999974
maxcut,6,39,0.017267993690000052
maxcut,6,40,0.017473885720000054
maxcut,6,41,0.016401226609999923
maxcut,6,42,0.016266957210000044
maxcut,6,43,0.017309291339999932
maxcut,6,44,0.017253610340000024
maxcut,6,45,0.018463449289999972
maxcut,6,46,0.01696104767999998
maxcut,6,47,0.014752239970000004
maxcut,6,48,0.01801820572000011
maxcut,6,49,0.018000982009999972
maxcut,6,50,0.018100574280000073
maxcut,6,51,0.015937993269999992
maxcut,6,52,0.01726542287000001
maxcut,6,53,0.017044168200000057
maxcut,6,54,0.016057149499999923
maxcut,6,55,0.018112172729999827
maxcut,6,56,0.018034937750000212
maxcut,6,57,0.017143315090000045
maxcut,6,58,0.017127002320000032
maxcut,6,59,0.015935340620000033
maxcut,6,60,0.016913834259999875
maxcut,6,61,0.018488914729999806
maxcut,6,62,0.018220777420000046
maxcut,6,63,0.01711083489999993
maxcut,6,64,0.016014560559999894
maxcut,6,65,0.01586064811
maxcut,6,66,0.01592492787999987
maxcut,6,67,0.017104307129999937
maxcut,6,68,0.01614831933000005
maxcut,6,69,0.015995465910000065
maxcut,6,70,0.01590888910000018
maxcut,6,71,0.017184667260000026
maxcut,6,72,0.016170936750000066
maxcut,6,73,0.017001614579999966
maxcut,6,74,0.017283381489999954
maxcut,6,75,0.018214994070000046
maxcut,6,76,0.016810398099999874
maxcut,6,77,0.015901010249999955
maxcut,6,78,0.018127472589999912
maxcut,6,79,0.017215064549999964
maxcut,6,80,0.017036134060000166
maxcut,6,81,0.017192723009999897
maxcut,6,82,0.016151152710000075
maxcut,6,83,0.016191692379999834
maxcut,6,84,0.017222330220000116
maxcut,6,85,0.016877071549999983
maxcut,6,86,0.01837199996999999
maxcut,6,87,0.016029149900000164
maxcut,6,88,0.016175412439999946
maxcut,6,89,0.018161788669999908
maxcut,6,90,0.016203051479999998
maxcut,6,91,0.017232429400000058
maxcut,6,92,0.008327674049999985
maxcut,6,93,0.01694419259
maxcut,6,94,0.01609884246000007
maxcut,6,95,0.00942012510000012
maxcut,6,96,0.015777136460000066
maxcut,6,97,0.01720668340000003
maxcut,6,98,0.01709235301999996
maxcut,6,99,0.017224229059999915
maxcut,7,0,0.018955523670000217
maxcut,7,1,0.017796651030000134
maxcut,7,2,0.01897732117000004
maxcut,7,3,0.017754062019999992
maxcut,7,4,0.01804544453999995
maxcut,7,5,0.017424161440000033
maxcut,7,6,0.0176164264800002
maxcut,7,7,0.017573606670000005
maxcut,7,8,0.01631923709000006
maxcut,7,9,0.016326697579999917
maxcut,7,10,0.018771184089999907
maxcut,7,11,0.017953884629999948
maxcut,7,12,0.017564829940000096
maxcut,7,13,0.01771869873000014
maxcut,7,14,0.018659755110000162
maxcut,7,15,0.01907089061000022
maxcut,7,16,0.0164046734599998
maxcut,7,17,0.016228961000000198
maxcut,7,18,0.01638830060999993
maxcut,7,19,0.018772490719999837
maxcut,7,20,0.01787197262999996
maxcut,7,21,0.018702199919999885
maxcut,7,22,0.017566549540000267
maxcut,7,23,0.01886835843
maxcut,7,24,0.01745958059000003
maxcut,7,25,0.017452018400000213
maxcut,7,26,0.016469563210000048
maxcut,7,27,0.01832528327000034
maxcut,7,28,0.01786226970999962
maxcut,7,29,0.01842863428000044
maxcut,7,30,0.01646389928000019
maxcut,7,31,0.017591483350000204
maxcut,7,32,0.017409696130000044
maxcut,7,33,0.01771646847999989
maxcut,7,34,0.0186076669199997
maxcut,7,35,0.01653969992000043
maxcut,7,36,0.016589605749999806
maxcut,7,37,0.01782819144999962
maxcut,7,38,0.017615948399999866
maxcut,7,39,0.01634866353999996
maxcut,7,40,0.01777095624000026
maxcut,7,41,0.017684335550000013
maxcut,7,42,0.017677503430000456
maxcut,7,43,0.017809853169999883
maxcut,7,44,0.01894403839000006
maxcut,7,45,0.01865673963000006
maxcut,7,46,0.017394910830000186
maxcut,7,47,0.01763812588999997
maxcut,7,48,0.01780616405000046
maxcut,7,49,0.017888353409999808
maxcut,7,50,0.017441893440000057
maxcut,7,51,0.017745792240000356
maxcut,7,52,0.017813742289999938
maxcut,7,53,0.019137302699999737
maxcut,7,54,0.016337865450000207
maxcut,7,55,0.016413653710000062
maxcut,7,56,0.01798053619999962
maxcut,7,57,0.01627682582000034
maxcut,7,58,0.017718645379999884
maxcut,7,59,0.0174727548300001
maxcut,7,60,0.017453091300000098
maxcut,7,61,0.018477343150000252
maxcut,7,62,0.018358719750000318
maxcut,7,63,0.017282790049999903
maxcut,7,64,0.01760238974999993
maxcut,7,65,0.017817679459999455
maxcut,7,66,0.017824274189999868
maxcut,7,67,0.01905653947000019
maxcut,7,68,0.01874041707999993
maxcut,7,69,0.01857228512000006
maxcut,7,70,0.019125760260000107
maxcut,7,71,0.0178193633799998
maxcut,7,72,0.016423519870000406
maxcut,7,73,0.017853957400000127
maxcut,7,74,0.01768045188999963
maxcut,7,75,0.01766506598000035
maxcut,7,76,0.01737712274000046
maxcut,7,77,0.01753510573000028
maxcut,7,78,0.018741230609999774
maxcut,7,79,0.01741868232999991
maxcut,7,80,0.018987529949999953
maxcut,7,81,0.017460166660000026
maxcut,7,82,0.017477701170000158
maxcut,7,83,0.01850815345000001
maxcut,7,84,0.017837837499999978
maxcut,7,85,0.016469240380000087
maxcut,7,86,0.017574970320000036
maxcut,7,87,0.01761147397000002
maxcut,7,88,0.01785303171999999
maxcut,7,89,0.01769653462000008
maxcut,7,90,0.017860369530000073
maxcut,7,91,0.01770846527999993
maxcut,7,92,0.016316829830000188
maxcut,7,93,0.017687070260000156
maxcut,7,94,0.01777153793000025
maxcut,7,95,0.017701912900000137
maxcut,7,96,0.018951295969999934
maxcut,7,97,0.018958229610000217
maxcut,7,98,0.019082857070000046
maxcut,7,99,0.01781941545000052
maxcut,8,0,0.01961144002000026
maxcut,8,1,0.019990340180000316
maxcut,8,2,0.019764548070000387
maxcut,8,3,0.019436800439999614
maxcut,8,4,0.01825591755000005
maxcut,8,5,0.01857105088000026
maxcut,8,6,0.01812625636000007
maxcut,8,7,0.019829039749999992
maxcut,8,8,0.01812750121000022
maxcut,8,9,0.018313603809999676
maxcut,8,10,0.01815871914000013
maxcut,8,11,0.018551996950000104
maxcut,8,12,0.018010395900000163
maxcut,8,13,0.018443910959999813
maxcut,8,14,0.018212639030000446
maxcut,8,15,0.018407897719999938
maxcut,8,16,0.019810312360000353
maxcut,8,17,0.017121757010000353
maxcut,8,18,0.019625080209999625
maxcut,8,19,0.017934954539999808
maxcut,8,20,0.018265962790000003
maxcut,8,21,0.018317587279999544
maxcut,8,22,0.018417629020000277
maxcut,8,23,0.0206276077199999
maxcut,8,24,0.019796889439999747
maxcut,8,25,0.01792998381000018
maxcut,8,26,0.019922955740000248
maxcut,8,27,0.01861310451999998
maxcut,8,28,0.01836256148000018
maxcut,8,29,0.0185204580300001
maxcut,8,30,0.01844291566000038
maxcut,8,31,0.020002228820000027
maxcut,8,32,0.018545880059999718
maxcut,8,33,0.016789116439999818
maxcut,8,34,0.019418105240000046
maxcut,8,35,0.0186056426600004
maxcut,8,36,0.019726974349999864
maxcut,8,37,0.018546634369999992
maxcut,8,38,0.018553215659999865
maxcut,8,39,0.01933139949000008
maxcut,8,40,0.01847449349000044
maxcut,8,41,0.018500275860000102
maxcut,8,42,0.02000596209999969
maxcut,8,43,0.018404674770000042
maxcut,8,44,0.017014414530000296
maxcut,8,45,0.018429906060000008
maxcut,8,46,0.018749586849999673
maxcut,8,47,0.019723329159999706
maxcut,8,48,0.019700635859999805
maxcut,8,49,0.02096153720000018
maxcut,8,50,0.01831725239000036
maxcut,8,51,0.0196804787100001
maxcut,8,52,0.01840814147000003
maxcut,8,53,0.019234616059999893
maxcut,8,54,0.01954774993000001
maxcut,8,55,0.01844524055999955
maxcut,8,56,0.01906964163999987
maxcut,8,57,0.017968408999999498
maxcut,8,58,0.018977668059999928
maxcut,8,59,0.01936939274999986
maxcut,8,60,0.018122822970000244
maxcut,8,61,0.019500117950000232
maxcut,8,62,0.01955245735999995
maxcut,8,63,0.017191963369999713
maxcut,8,64,0.018308440760000055
maxcut,8,65,0.018645942559999754
maxcut,8,66,0.018263514379999606
maxcut,8,67,0.01846576669000001
maxcut,8,68,0.019830243170000584
maxcut,8,69,0.019983392890000003
maxcut,8,70,0.01865705620000085
maxcut,8,71,0.018385631819999162
maxcut,8,72,0.01855289964000008
maxcut,8,73,0.019552250460000097
maxcut,8,74,0.01684747363000042
maxcut,8,75,0.018601494150000234
maxcut,8,76,0.021281857050000783
maxcut,8,77,0.020064154140000026
maxcut,8,78,0.019883002509999415
maxcut,8,79,0.0171295626299991
maxcut,8,80,0.01856714575000069
maxcut,8,81,0.018424583119999626
maxcut,8,82,0.020213704889999917
maxcut,8,83,0.020938782289999836
maxcut,8,84,0.019451927620000333
maxcut,8,85,0.017999568509999335
maxcut,8,86,0.018441200750000917
maxcut,8,87,0.018570214769999892
maxcut,8,88,0.019835776380000426
maxcut,8,89,0.01816172435999988
maxcut,8,90,0.01836513065999952
maxcut,8,91,0.016791193750000277
maxcut,8,92,0.018004485779999867
maxcut,8,93,0.01861207357000012
maxcut,8,94,0.02014058456999919
maxcut,8,95,0.017246322449999525
maxcut,8,96,0.0184925001299996
maxcut,8,97,0.01855198597000026
maxcut,8,98,0.019812367519999725
maxcut,8,99,0.019877813549999245
maxcut,9,0,0.02087607382999977
maxcut,9,1,0.020483075989999405
maxcut,9,2,0.020484798710000404
maxcut,9,3,0.019221702160000406
maxcut,9,4,0.020770202879999713
maxcut,9,5,0.020868590139999695
maxcut,9,6,0.01885660862000009
maxcut,9,7,0.02060108129000014
maxcut,9,8,0.01944440636999957
maxcut,9,9,0.02084495248000053
maxcut,9,10,0.020529064479999307
maxcut,9,11,0.02083817184000054
maxcut,9,12,0.020746153930000445
maxcut,9,13,0.020506154180000066
maxcut,9,14,0.020811049950000323
maxcut,9,15,0.020803211879999707
maxcut,9,16,0.020695646500000747
maxcut,9,17,0.02088807944999985
maxcut,9,18,0.01877431848000015
maxcut,9,19,0.018987840330000835
maxcut,9,20,0.019261392209999714
maxcut,9,21,0.019213230940000586
maxcut,9,22,0.018470899699999564
maxcut,9,23,0.02041254522000031
maxcut,9,24,0.0193112786100005
maxcut,9,25,0.02098122602999979
maxcut,9,26,0.01890470454000024
maxcut,9,27,0.020850690379999152
maxcut,9,28,0.020180630480000447
maxcut,9,29,0.019371751580000592
maxcut,9,30,0.02065558956000018
maxcut,9,31,0.02084403688000066
maxcut,9,32,0.020629210980000607
maxcut,9,33,0.019360646799999586
maxcut,9,34,0.01921718716999976
maxcut,9,35,0.019296730869999692
maxcut,9,36,0.018887112730000127
maxcut,9,37,0.020766281949998983
maxcut,9,38,0.02065652728000032
maxcut,9,39,0.019155146069999775
maxcut,9,40,0.020813526779999165
maxcut,9,41,0.020151693359999855
maxcut,9,42,0.020727054740000313
maxcut,9,43,0.021000875409999935
maxcut,9,44,0.02081719588999931
maxcut,9,45,0.018844965620000948
maxcut,9,46,0.02010777607000023
maxcut,9,47,0.020819716889999427
maxcut,9,48,0.01919520463000026
maxcut,9,49,0.020788619979999794
maxcut,9,50,0.020872524520000296
maxcut,9,51,0.01938453541000058
maxcut,9,52,0.020862133550000408
maxcut,9,53,0.020704386670000758
maxcut,9,54,0.021135829190000094
maxcut,9,55,0.020219911770000182
maxcut,9,56,0.019104136529999777
maxcut,9,57,0.018936419079999496
maxcut,9,58,0.02062833179999984
maxcut,9,59,0.01927487274999976
maxcut,9,60,0.019220490499999413
maxcut,9,61,0.02086483543999975
maxcut,9,62,0.019332301370000096
maxcut,9,63,0.020599097130000247
maxcut,9,64,0.019419907630000354
maxcut,9,65,0.019126750990000118
maxcut,9,66,0.02101059002999932
maxcut,9,67,0.019369682789999842
maxcut,9,68,0.0191396377500007
maxcut,9,69,0.01908524144000012
maxcut,9,70,0.019207895590000135
maxcut,9,71,0.020063394249999648
maxcut,9,72,0.0192167728000004
maxcut,9,73,0.019227229560000295
maxcut,9,74,0.020798430349999536
maxcut,9,75,0.0206965207799999
maxcut,9,76,0.02080312961000004
maxcut,9,77,0.020797527749999746
maxcut,9,78,0.01918732653999996
maxcut,9,79,0.019434777280000617
maxcut,9,80,0.02084970490999922
maxcut,9,81,0.020547726959999863
maxcut,9,82,0.02073389010000028
maxcut,9,83,0.01879250223999975
maxcut,9,84,0.01937394834000088
maxcut,9,85,0.0190216868899995
maxcut,9,86,0.02081874166000034
maxcut,9,87,0.020556038529999796
maxcut,9,88,0.020373049390000234
maxcut,9,89,0.02079145920999963
maxcut,9,90,0.02080292037000049
maxcut,9,91,0.019232132500000033
maxcut,9,92,0.019420286580000265
maxcut,9,93,0.01921441813000001
maxcut,9,94,0.019191144039999698
maxcut,9,95,0.020930472300000245
maxcut,9,96,0.01930030237999972
maxcut,9,97,0.020758313820000467
maxcut,9,98,0.020726720950000298
maxcut,9,99,0.02231306907999965
maxcut,10,0,0.02940930109999954
maxcut,10,1,0.032373599279999325
maxcut,10,2,0.027087414650000027
maxcut,10,3,0.03272048959000017
maxcut,10,4,0.032205234119999204
maxcut,10,5,0.03274021612999945
maxcut,10,6,0.032568597449999286
maxcut,10,7,0.02973599027999967
maxcut,10,8,0.034748229069999755
maxcut,10,9,0.031644041849999666
maxcut,10,10,0.0327834838800004
maxcut,10,11,0.03208347712999966
maxcut,10,12,0.032484403030000525
maxcut,10,13,0.02965976856999987
maxcut,10,14,0.02994338655999968
maxcut,10,15,0.03225441789000001
maxcut,10,16,0.0297392314800004
maxcut,10,17,0.029881252440000027
maxcut,10,18,0.032187835459999405
maxcut,10,19,0.032265392740000606
maxcut,10,20,0.029771759179999434
maxcut,10,21,0.030564930670000195
maxcut,10,22,0.02893738095999993
maxcut,10,23,0.032194353460000685
maxcut,10,24,0.030045623029999434
maxcut,10,25,0.0323349860999997
maxcut,10,26,0.03247862998999949
maxcut,10,27,0.0322739295100007
maxcut,10,28,0.0328447058800009
maxcut,10,29,0.03248245916999963
maxcut,10,30,0.032183268730000235
maxcut,10,31,0.032627115260000894
maxcut,10,32,0.032643974489999436
maxcut,10,33,0.033055955029999494
maxcut,10,34,0.032450172799999566
maxcut,10,35,0.03259344478000003
maxcut,10,36,0.032568221820000645
maxcut,10,37,0.03232063049999965
maxcut,10,38,0.03212717934000011
maxcut,10,39,0.03243435215999966
maxcut,10,40,0.03166637917999992
maxcut,10,41,0.03267083551000041
maxcut,10,42,0.031877980890000115
maxcut,10,43,0.029335172390000254
maxcut,10,44,0.03223274147999973
maxcut,10,45,0.029759948729999906
maxcut,10,46,0.03020318843000041
maxcut,10,47,0.029689741170000162
maxcut,10,48,0.0322253311299994
maxcut,10,49,0.032021819220000226
maxcut,10,50,0.030105054480000035
maxcut,10,51,0.03243941906000032
maxcut,10,52,0.03224500315
maxcut,10,53,0.032198323889999755
maxcut,10,54,0.03204203693000068
maxcut,10,55,0.032382266270000175
maxcut,10,56,0.032100689400000416
maxcut,10,57,0.03005537022999988
maxcut,10,58,0.032237000439999976
maxcut,10,59,0.035276129670000954
maxcut,10,60,0.03175807274999897
maxcut,10,61,0.03252724602000057
maxcut,10,62,0.03248562230000061
maxcut,10,63,0.03239744642000005
maxcut,10,64,0.03205276470000058
maxcut,10,65,0.0297468319099994
maxcut,10,66,0.032177514009999866
maxcut,10,67,0.0317108238000003
maxcut,10,68,0.030273837020000655
maxcut,10,69,0.03266305643999999
maxcut,10,70,0.034977079920000737
maxcut,10,71,0.033171976810000385
maxcut,10,72,0.032126582399999964
maxcut,10,73,0.032569669509999816
maxcut,10,74,0.03240956051000012
maxcut,10,75,0.02999442724000005
maxcut,10,76,0.02987877770000068
maxcut,10,77,0.02985649237999951
maxcut,10,78,0.03210238039999922
maxcut,10,79,0.031683665640000525
maxcut,10,80,0.031489627240000574
maxcut,10,81,0.03288585536000028
maxcut,10,82,0.03670351880999988
maxcut,10,83,0.03202861563000169
maxcut,10,84,0.03223221018999993
maxcut,10,85,0.032626357419999294
maxcut,10,86,0.030147288119999303
maxcut,10,87,0.03256523589999915
maxcut,10,88,0.032930950439999836
maxcut,10,89,0.03469432607000044
maxcut,10,90,0.03227461509000022
maxcut,10,91,0.03159966815999951
maxcut,10,92,0.029347396390000995
maxcut,10,93,0.03251094373000114
maxcut,10,94,0.03271974808999858
maxcut,10,95,0.032281240370000436
maxcut,10,96,0.03210572272000036
maxcut,10,97,0.03198712573999955
maxcut,10,98,0.031972735269998796
maxcut,10,99,0.027437124379998748
partition,5,0,1.561399500000027e-05
partition,5,1,1.533893999999991e-05
partition,5,2,1.554276000000021e-05
partition,5,3,1.5402044000000003e-05
partition,5,4,1.5503303000000023e-05
partition,5,5,1.5666646999999755e-05
partition,5,6,1.546351800000023e-05
partition,5,7,1.5622691000000357e-05
partition,5,8,1.5465296999999987e-05
partition,5,9,1.56169639999999e-05
partition,5,10,1.5798327999999808e-05
partition,5,11,1.5657998000000006e-05
partition,5,12,1.5768572999999898e-05
partition,5,13,1.5565458999999837e-05
partition,5,14,1.5647430000000018e-05
partition,5,15,1.5452284999999844e-05
partition,5,16,1.551978700000012e-05
partition,5,17,1.5582704999999918e-05
partition,5,18,1.5474488000000176e-05
partition,5,19,1.5750045999999962e-05
partition,5,20,1.5514129000000044e-05
partition,5,21,1.5632453999999906e-05
partition,5,22,1.5685841000000254e-05
partition,5,23,1.5524790000000176e-05
partition,5,24,1.567493399999975e-05
partition,5,25,1.5616851999999958e-05
partition,5,26,1.57716579999998e-05
partition,5,27,1.414851400000039e-05
partition,5,28,1.6109520000000543e-06
partition,5,29,1.4487660000002123e-06
partition,5,30,1.4532959999997707e-06
partition,5,31,1.4445940000000768e-06
partition,5,32,1.4570049999997892e-06
partition,5,33,1.425305999999793e-06
partition,5,34,1.4492420000000728e-06
partition,5,35,1.4305920000001748e-06
partition,5,36,1.4534899999998351e-06
partition,5,37,1.4323880000000067e-06
partition,5,38,1.4450059999999709e-06
partition,5,39,1.4366460000001524e-06
partition,5,40,1.4335939999998714e-06
partition,5,41,1.4336609999996418e-06
partition,5,42,1.4404290000000764e-06
partition,5,43,1.4546279999998468e-06
partition,5,44,1.4407580000002085e-06
partition,5,45,1.4534949999998048e-06
partition,5,46,1.4344680000002441e-06
partition,5,47,1.4596830000002115e-06
partition,5,48,1.4393059999999736e-06
partition,5,49,1.4674680000004158e-06
partition,5,50,1.4392769999997945e-06
partition,5,51,1.452636999999868e-06
partition,5,52,1.4380609999999905e-06
partition,5,53,1.4326630000001117e-06
partition,5,54,1.4253029999999888e-06
partition,5,55,1.4372859999998156e-06
partition,5,56,1.4553930000000825e-06
partition,5,57,1.4325180000001047e-06
partition,5,58,1.455310999999959e-06
partition,5,59,1.4330889999998319e-06
partition,5,60,1.4470779999999906e-06
partition,5,61,1.437980000000394e-06
partition,5,62,1.4455480000004072e-06
partition,5,63,1.433855999999789e-06
partition,5,64,1.4274219999999005e-06
partition,5,65,1.4312329999999206e-06
partition,5,66,1.4402769999999344e-06
partition,5,67,1.4504159999999544e-06
partition,5,68,1.4346340000002123e-06
partition,5,69,1.4497610000003825e-06
partition,5,70,1.4397980000002697e-06
partition,5,71,1.448900999999836e-06
partition,5,72,1.4219170000000503e-06
partition,5,73,1.4509289999997676e-06
partition,5,74,1.4284060000000486e-06
partition,5,75,1.465084999999977e-06
partition,5,76,1.4355130000001103e-06
partition,5,77,1.4371309999998693e-06
partition,5,78,1.463500000000284e-06
partition,5,79,1.4403640000000274e-06
partition,5,80,1.4509499999997288e-06
partition,5,81,1.4307420000001514e-06
partition,5,82,1.4552169999997312e-06
partition,5,83,1.4392299999999025e-06
partition,5,84,1.4397600000002341e-06
partition,5,85,1.4299349999999932e-06
partition,5,86,1.4459589999997746e-06
partition,5,87,1.4351760000002046e-06
partition,5,88,1.4375599999998378e-06
partition,5,89,1.4562890000000551e-06
partition,5,90,1.4301329999999447e-06
partition,5,91,1.4291529999996832e-06
partition,5,92,1.4094970000000372e-06
partition,5,93,1.41962299999987e-06
partition,5,94,1.4106329999998835e-06
partition,5,95,1.4250940000000156e-06
partition,5,96,1.4191800000000754e-06
partition,5,97,1.4116920000000199e-06
partition,5,98,1.4294269999997056e-06
partition,5,99,1.4054210000002953e-06
partition,6,0,1.595236e-06
partition,6,1,1.579065000000046e-06
partition,6,2,1.5788500000000205e-06
partition,6,3,1.5979349999999393e-06
partition,6,4,1.572907999999984e-06
partition,6,5,1.596918999999808e-06
partition,6,6,1.6038560000000147e-06
partition,6,7,1.5759879999999171e-06
partition,6,8,1.5906900000000057e-06
partition,6,9,1.5880739999998283e-06
partition,6,10,1.7445039999999245e-06
partition,6,11,1.6087250000000885e-06
partition,6,12,1.5764909999997912e-06
partition,6,13,1.5973740000001513e-06
partition,6,14,1.593465000000016e-06
partition,6,15,1.5869649999999957e-06
partition,6,16,1.5997770000000245e-06
partition,6,17,1.5733950000003106e-06
partition,6,18,1.605856999999933e-06
partition,6,19,1.5842460000001779e-06
partition,6,20,1.5810770000004303e-06
partition,6,21,1.6965429999999948e-06
partition,6,22,1.5793840000002391e-06
partition,6,23,1.6023609999997746e-06
partition,6,24,1.6656880000001096e-06
partition,6,25,1.578971000000262e-06
partition,6,26,1.5876959999996387e-06
partition,6,27,1.5985530000000025e-06
partition,6,28,1.5716000000001174e-06
partition,6,29,1.587897999999921e-06
partition,6,30,1.586262000000005e-06
partition,6,31,1.611456000000011e-06
partition,6,32,1.6144269999998074e-06
partition,6,33,1.5861049999998934e-06
partition,6,34,1.59382699999977e-06
partition,6,35,1.5833899999999624e-06
partition,6,36,1.6076840000001091e-06
partition,6,37,1.597947000000044e-06
partition,6,38,1.5737479999997638e-06
partition,6,39,1.6231530000001547e-06
partition,6,40,1.5910569999997294e-06
partition,6,41,1.578960999999879e-06
partition,6,42,1.6267439999997357e-06
partition,6,43,1.5811949999999797e-06
partition,6,44,1.5905760000003433e-06
partition,6,45,1.5961589999999858e-06
partition,6,46,1.5921130000000615e-06
partition,6,47,1.5986869999999876e-06
partition,6,48,1.5708489999997077e-06
partition,6,49,1.583553999999765e-06
partition,6,50,1.5896830000001749e-06
partition,6,51,1.567517999999879e-06
partition,6,52,1.5883119999999805e-06
partition,6,53,1.5669229999999424e-06
partition,6,54,1.5988240000002207e-06
partition,6,55,1.5819700000001547e-06
partition,6,56,1.5699769999999447e-06
partition,6,57,1.594156999999985e-06
partition,6,58,1.5857049999996598e-06
partition,6,59,1.6105650000000082e-06
partition,6,60,1.590016000000194e-06
partition,6,61,1.5702750000001764e-06
partition,6,62,1.577505000000201e-06
partition,6,63,1.5669430000002648e-06
partition,6,64,1.589339000000134e-06
partition,6,65,1.5857129999998777e-06
partition,6,66,1.5919170000002757e-06
partition,6,67,1.6032009999999985e-06
partition,6,68,1.587192000000126e-06
partition,6,69,1.5842139999997507e-06
partition,6,70,1.6041780000000117e-06
partition,6,71,1.5854250000000292e-06
partition,6,72,1.591214000000285e-06
partition,6,73,1.5678920000001817e-06
partition,6,74,1.5888579999998599e-06
partition,6,75,1.5967820000000189e-06
partition,6,76,1.571971000000172e-06
partition,6,77,1.600014000000094e-06
partition,6,78,1.582320000000248e-06
partition,6,79,1.604222999999738e-06
partition,6,80,1.5946389999998977e-06
partition,6,81,1.5911250000000266e-06
partition,6,82,1.59822899999984e-06
partition,6,83,1.568183999999917e-06
partition,6,84,1.5859540000002782e-06
partition,6,85,1.6038090000001226e-06
partition,6,86,1.5799180000000135e-06
partition,6,87,1.5963809999997025e-06
partition,6,88,1.5789899999996137e-06
partition,6,89,1.5942479999999648e-06
partition,6,90,1.6215219999997643e-06
partition,6,91,1.59097500000005e-06
partition,6,92,1.6073349999996544e-06
partition,6,93,1.6097980000000512e-06
partition,6,94,1.5864070000000118e-06
partition,6,95,1.6006420000000964e-06
partition,6,96,1.588980000000184e-06
partition,6,97,1.6112939999999299e-06
partition,6,98,1.6024419999998151e-06
partition,6,99,1.5912590000000115e-06
partition,7,0,1.7521940000002623e-06
partition,7,1,1.761574000000099e-06
partition,7,2,1.7625899999997863e-06
partition,7,3,1.7314499999998568e-06
partition,7,4,1.7148909999997741e-06
partition,7,5,1.7420190000003722e-06
partition,7,6,1.7322150000000924e-06
partition,7,7,1.715401999999866e-06
partition,7,8,1.7351430000003276e-06
partition,7,9,1.7552309999997463e-06
partition,7,10,1.749504999999818e-06
partition,7,11,1.7487170000003438e-06
partition,7,12,1.74842999999969e-06
partition,7,13,1.7579410000001516e-06
partition,7,14,1.7405539999999497e-06
partition,7,15,1.7150030000001592e-06
partition,7,16,1.7312029999998479e-06
partition,7,17,1.7143000000001684e-06
partition,7,18,1.7337920000000117e-06
partition,7,19,1.704794999999759e-06
partition,7,20,1.753223000000137e-06
partition,7,21,1.7185510000001792e-06
partition,7,22,1.7267749999998472e-06
partition,7,23,1.7254389999998842e-06
partition,7,24,1.7334210000004014e-06
partition,7,25,1.71531899999966e-06
partition,7,26,1.700535000000336e-06
partition,7,27,1.756650999999998e-06
partition,7,28,1.7273639999997315e-06
partition,7,29,1.7348890000001838e-06
partition,7,30,1.728331999999888e-06
partition,7,31,1.7294389999999993e-06
partition,7,32,1.75714299999985e-06
partition,7,33,1.7099749999998082e-06
partition,7,34,1.6991239999999407e-06
partition,7,35,1.7196799999998902e-06
partition,7,36,1.7249900000000374e-06
partition,7,37,1.7220309999999017e-06
partition,7,38,1.726312000000174e-06
partition,7,39,1.7309260000000215e-06
partition,7,40,1.7305199999997356e-06
partition,7,41,1.7433919999998438e-06
partition,7,42,1.7258970000000317e-06
partition,7,43,1.7230779999999334e-06
partition,7,44,1.8487039999999232e-06
partition,7,45,1.7231280000000737e-06
partition,7,46,1.740025000000145e-06
partition,7,47,1.8289609999997403e-06
partition,7,48,1.7551909999999893e-06
partition,7,49,1.7525359999996937e-06
partition,7,50,1.8041320000001805e-06
partition,7,51,1.7349959999997112e-06
partition,7,52,1.7342739999999246e-06
partition,7,53,1.7712699999998805e-06
partition,7,54,1.7666439999999283e-06
partition,7,55,1.7431929999998097e-06
partition,7,56,1.7584359999998078e-06
partition,7,57,1.7692249999998744e-06
partition,7,58,1.7391510000002163e-06
partition,7,59,1.7556709999997366e-06
partition,7,60,1.7447330000002203e-06
partition,7,61,1.7228719999997644e-06
partition,7,62,1.7272349999997161e-06
partition,7,63,1.752588999999638e-06
partition,7,64,1.7064289999999539e-06
partition,7,65,1.73308499999969e-06
partition,7,66,1.7663059999999397e-06
partition,7,67,1.7360150000000906e-06
partition,7,68,1.7395239999999922e-06
partition,7,69,1.7466009999997922e-06
partition,7,70,1.7628969999998744e-06
partition,7,71,1.734121000000144e-06
partition,7,72,1.7203240000003283e-06
partition,7,73,1.7273399999999661e-06
partition,7,74,1.7584949999998046e-06
partition,7,75,1.7539030000000012e-06
partition,7,76,1.732054000000094e-06
partition,7,77,1.7389560000000693e-06
partition,7,78,1.751467000000062e-06
partition,7,79,1.7517769999999544e-06
partition,7,80,1.7374089999999675e-06
partition,7,81,1.7606609999996082e-06
partition,7,82,1.7520419999996762e-06
partition,7,83,1.7561129999998926e-06
partition,7,84,1.695670000000149e-06
partition,7,85,1.750446000000405e-06
partition,7,86,1.7584199999998163e-06
partition,7,87,1.7415290000002415e-06
partition,7,88,1.7665199999998825e-06
partition,7,89,1.7091270000002545e-06
partition,7,90,1.7375889999997618e-06
partition,7,91,1.7412759999997363e-06
partition,7,92,1.7510130000002454e-06
partition,7,93,1.7391030000002417e-06
partition,7,94,1.739743000000349e-06
partition,7,95,1.7324520000001619e-06
partition,7,96,1.7515549999997937e-06
partition,7,97,1.735790000000126e-06
partition,7,98,1.7345959999999216e-06
partition,7,99,1.734114000000009e-06
partition,8,0,1.8742190000002879e-06
partition,8,1,1.8657939999999761e-06
partition,8,2,1.8509580000003467e-06
partition,8,3,1.8631949999998732e-06
partition,8,4,1.8841830000000392e-06
partition,8,5,1.8707930000001482e-06
partition,8,6,1.8528330000000537e-06
partition,8,7,1.8784119999999405e-06
partition,8,8,1.85872499999995e-06
partition,8,9,1.8758719999998342e-06
partition,8,10,1.8758880000002698e-06
partition,8,11,1.8607489999999948e-06
partition,8,12,1.8698630000000272e-06
partition,8,13,1.8653040000002895e-06
partition,8,14,1.86478499999998e-06
partition,8,15,1.857613999999952e-06
partition,8,16,1.866939000000123e-06
partition,8,17,1.8630699999997446e-06
partition,8,18,1.8648739999997942e-06
partition,8,19,1.870229000000112e-06
partition,8,20,1.8621690000002466e-06
partition,8,21,1.8771449999999136e-06
partition,8,22,1.883133999999842e-06
partition,8,23,1.8576510000003487e-06
partition,8,24,1.854036999999753e-06
partition,8,25,1.8623819999996628e-06
partition,8,26,1.8418319999997657e-06
partition,8,27,1.8534840000001829e-06
partition,8,28,1.8754860000003148e-06
partition,8,29,1.8760219999998106e-06
partition,8,30,1.8751939999996914e-06
partition,8,31,1.885375000000078e-06
partition,8,32,1.876092999999912e-06
partition,8,33,1.8572460000001457e-06
partition,8,34,1.8855929999999077e-06
partition,8,35,1.8902559999998126e-06
partition,8,36,1.8447539999999484e-06
partition,8,37,1.8795489999998694e-06
partition,8,38,1.8730069999999266e-06
partition,8,39,1.8668640000001346e-06
partition,8,40,1.864937000000122e-06
partition,8,41,1.8675240000001202e-06
partition,8,42,1.8566879999997178e-06
partition,8,43,1.8780599999996818e-06
partition,8,44,1.8657349999999796e-06
partition,8,45,1.839079999999882e-06
partition,8,46,1.850713999999698e-06
partition,8,47,1.8502339999999506e-06
partition,8,48,1.8480450000000204e-06
partition,8,49,1.8532970000002535e-06
partition,8,50,1.8452200000003139e-06
partition,8,51,1.8521420000001676e-06
partition,8,52,1.9064119999998575e-06
partition,8,53,1.8555529999999543e-06
partition,8,54,1.8479779999998058e-06
partition,8,55,1.941161000000413e-06
partition,8,56,1.855752999999627e-06
partition,8,57,1.8542479999998918e-06
partition,8,58,1.842431999999672e-06
partition,8,59,1.8512200000002644e-06
partition,8,60,1.8491730000000929e-06
partition,8,61,1.845614000000051e-06
partition,8,62,1.860723000000064e-06
partition,8,63,1.8523400000001189e-06
partition,8,64,1.8642760000000536e-06
partition,8,65,1.8588560000001308e-06
partition,8,66,1.8433490000000496e-06
partition,8,67,1.8366410000001387e-06
partition,8,68,1.8383329999998032e-06
partition,8,69,1.849947000000185e-06
partition,8,70,1.8501159999999573e-06
partition,8,71,1.8476800000000182e-06
partition,8,72,1.8446109999996629e-06
partition,8,73,1.851046999999717e-06
partition,8,74,1.8520049999999343e-06
partition,8,75,1.8282219999998794e-06
partition,8,76,1.8544729999998565e-06
partition,8,77,1.8434359999996986e-06
partition,8,78,1.8462139999999572e-06
partition,8,79,1.8618280000000098e-06
partition,8,80,1.8430799999999969e-06
partition,8,81,1.8500530000000737e-06
partition,8,82,1.8491209999997871e-06
partition,8,83,1.8610410000001742e-06
partition,8,84,1.8485099999998588e-06
partition,8,85,1.8861509999998915e-06
partition,8,86,1.8713569999997405e-06
partition,8,87,1.8628560000002459e-06
partition,8,88,1.8718939999997631e-06
partition,8,89,1.8531230000000676e-06
partition,8,90,1.8735020000000269e-06
partition,8,91,1.862854999999719e-06
partition,8,92,1.8784549999999455e-06
partition,8,93,1.8732140000001784e-06
partition,8,94,1.8778120000000343e-06
partition,8,95,1.866769000000268e-06
partition,8,96,1.8596370000003582e-06
partition,8,97,1.8813490000004762e-06
partition,8,98,1.8730209999997527e-06
partition,8,99,1.851538999999569e-06
partition,9,0,2.040228000000255e-06
partition,9,1,2.028133000000487e-06
partition,9,2,2.0267589999996004e-06
partition,9,3,2.0279579999993304e-06
partition,9,4,2.0380449999999326e-06
partition,9,5,2.0746080000000333e-06
partition,9,6,2.017026999999949e-06
partition,9,7,2.010222000000006e-06
partition,9,8,2.0585760000004784e-06
partition,9,9,2.1425099999996532e-06
partition,9,10,2.183166000000014e-06
partition,9,11,2.180573999999602e-06
partition,9,12,2.183870000000532e-06
partition,9,13,2.1642330000002374e-06
partition,9,14,2.208949999999987e-06
partition,9,15,2.1183030000004875e-06
partition,9,16,2.174945999999345e-06
partition,9,17,2.1256659999995262e-06
partition,9,18,2.152835000000408e-06
partition,9,19,2.1826969999994007e-06
partition,9,20,2.1505709999996015e-06
partition,9,21,2.193652999999962e-06
partition,9,22,2.1550660000002607e-06
partition,9,23,2.1053300000000165e-06
partition,9,24,2.0957359999993485e-06
partition,9,25,2.119727000000182e-06
partition,9,26,2.0914610000000167e-06
partition,9,27,2.0999360000004686e-06
partition,9,28,2.1186840000000374e-06
partition,9,29,2.119089999999879e-06
partition,9,30,2.1228129999997234e-06
partition,9,31,2.107893999999888e-06
partition,9,32,2.131334000000429e-06
partition,9,33,2.0373839999994204e-06
partition,9,34,2.008387000000056e-06
partition,9,35,2.083921999999738e-06
partition,9,36,1.9951030000004977e-06
partition,9,37,2.0580720000005217e-06
partition,9,38,2.0299520000000017e-06
partition,9,39,2.0187130000000055e-06
partition,9,40,2.092118999999393e-06
partition,9,41,2.0103499999999387e-06
partition,9,42,2.03606500000042e-06
partition,9,43,2.044559999999862e-06
partition,9,44,2.000993999999423e-06
partition,9,45,2.124661999999944e-06
partition,9,46,1.9767040000004953e-06
partition,9,47,2.0824270000003865e-06
partition,9,48,2.077528999999245e-06
partition,9,49,2.099183999999532e-06
partition,9,50,2.1156350000000047e-06
partition,9,51,2.0980249999995592e-06
partition,9,52,2.1691260000000766e-06
partition,9,53,2.0964760000001804e-06
partition,9,54,2.1944110000005067e-06
partition,9,55,2.175575999999957e-06
partition,9,56,2.1707160000001836e-06
partition,9,57,2.195935000000482e-06
partition,9,58,2.1751859999996624e-06
partition,9,59,2.2006339999993684e-06
partition,9,60,2.1502419999999133e-06
partition,9,61,2.146284000000165e-06
partition,9,62,2.16179400000005e-06
partition,9,63,2.1093479999994002e-06
partition,9,64,2.1284829999999032e-06
partition,9,65,2.1276500000002586e-06
partition,9,66,2.1541979999994964e-06
partition,9,67,2.0843810000004125e-06
partition,9,68,2.14422400000025e-06
partition,9,69,2.0930619999992573e-06
partition,9,70,2.1185340000000608e-06
partition,9,71,2.1107159999997903e-06
partition,9,72,2.091667000000186e-06
partition,9,73,2.102389000000038e-06
partition,9,74,2.117117000000057e-06
partition,9,75,2.102181999999786e-06
partition,9,76,2.1055080000005334e-06
partition,9,77,2.004924999999602e-06
partition,9,78,1.990024999999562e-06
partition,9,79,1.9979230000002346e-06
partition,9,80,2.0002919999999593e-06
partition,9,81,1.9955280000001352e-06
partition,9,82,1.9960920000006154e-06
partition,9,83,2.0080850000008255e-06
partition,9,84,2.001221999999636e-06
partition,9,85,2.0138370000006845e-06
partition,9,86,2.0046540000002724e-06
partition,9,87,1.9980699999999627e-06
partition,9,88,2.014004999999486e-06
partition,9,89,1.995001000000052e-06
partition,9,90,2.017754999999788e-06
partition,9,91,2.013089000000079e-06
partition,9,92,2.0125840000000394e-06
partition,9,93,2.0122139999996234e-06
partition,9,94,2.0163339999994534e-06
partition,9,95,2.019543999999485e-06
partition,9,96,2.0058040000003884e-06
partition,9,97,1.9995090000000103e-06
partition,9,98,2.0125440000002826e-06
partition,9,99,1.993082000000257e-06
partition,10,0,2.2242290000002994e-06
partition,10,1,2.170538999999749e-06
partition,10,2,2.1734959999992753e-06
partition,10,3,2.1977959999999185e-06
partition,10,4,2.1974919999996344e-06
partition,10,5,2.2324220000005114e-06
partition,10,6,2.1751859999996624e-06
partition,10,7,2.1602219999996564e-06
partition,10,8,2.1712240000004713e-06
partition,10,9,2.1834869999999286e-06
partition,10,10,2.180944000000018e-06
partition,10,11,2.195681000000782e-06
partition,10,12,2.189891999999638e-06
partition,10,13,2.185671999999528e-06
partition,10,14,2.222682000000198e-06
partition,10,15,2.167250000000287e-06
partition,10,16,2.1698980000000035e-06
partition,10,17,2.166764000000043e-06
partition,10,18,2.1725430000003596e-06
partition,10,19,2.2080359999998577e-06
partition,10,20,2.1839579999998195e-06
partition,10,21,2.1792039999999347e-06
partition,10,22,2.1890970000004727e-06
partition,10,23,2.16908600000032e-06
partition,10,24,2.1686199999999547e-06
partition,10,25,2.2085379999996492e-06
partition,10,26,2.169743999999696e-06
partition,10,27,2.170970999999966e-06
partition,10,28,2.1885340000000754e-06
partition,10,29,2.1923810000004096e-06
partition,10,30,2.2240629999998874e-06
partition,10,31,2.1720039999992836e-06
partition,10,32,2.1781220000001158e-06
partition,10,33,2.1651699999996053e-06
partition,10,34,2.166541000000244e-06
partition,10,35,2.1853189999996302e-06
partition,10,36,2.160971999999539e-06
partition,10,37,2.1725390000000288e-06
partition,10,38,2.1672040000000338e-06
partition,10,39,2.202747000000116e-06
partition,10,40,2.2238740000002365e-06
partition,10,41,2.214084000000227e-06
partition,10,42,2.1801239999996725e-06
partition,10,43,2.17341900000001e-06
partition,10,44,2.1697460000007494e-06
partition,10,45,2.183051000000269e-06
partition,10,46,2.249341999999821e-06
partition,10,47,2.1974199999998946e-06
partition,10,48,2.261080999999443e-06
partition,10,49,2.2358850000001595e-06
partition,10,50,2.1941879999998194e-06
partition,10,51,2.1856519999996494e-06
partition,10,52,2.1686920000005826e-06
partition,10,53,2.17500299999962e-06
partition,10,54,2.185545999999761e-06
partition,10,55,2.1769280000007994e-06
partition,10,56,2.1722610000001198e-06
partition,10,57,2.1850480000003e-06
partition,10,58,2.2021450000000443e-06
partition,10,59,2.236279999999979e-06
partition,10,60,2.173037999999572e-06
partition,10,61,2.1563510000000008e-06
partition,10,62,2.1803980000001388e-06
partition,10,63,2.1755509999996647e-06
partition,10,64,2.190413000000113e-06
partition,10,65,2.178413999999407e-06
partition,10,66,2.1903180000002466e-06
partition,10,67,2.1735710000001517e-06
partition,10,68,2.211447999999727e-06
partition,10,69,2.187694999999934e-06
partition,10,70,2.195422999999863e-06
partition,10,71,2.2045759999995695e-06
partition,10,72,2.174874000000493e-06
partition,10,73,2.171902000000614e-06
partition,10,74,2.2209599999998274e-06
partition,10,75,2.1707729999995705e-06
partition,10,76,2.1710270000001586e-06
partition,10,77,2.1807719999999975e-06
partition,10,78,2.1714099999998737e-06
partition,10,79,2.197001999999948e-06
partition,10,80,2.1796059999994456e-06
partition,10,81,2.1832669999994893e-06
partition,10,82,2.1730920000004872e-06
partition,10,83,2.198468000000453e-06
partition,10,84,2.1735429999996114e-06
partition,10,85,2.1741020000005664e-06
partition,10,86,2.183730999999689e-06
partition,10,87,2.163590000000326e-06
partition,10,88,2.1915779999996944e-06
partition,10,89,2.2290899999992674e-06
partition,10,90,2.186026000000396e-06
partition,10,91,2.2043420000006362e-06
partition,10,92,2.193712000000403e-06
partition,10,93,2.1979109999996636e-06
partition,10,94,2.188736999999996e-06
partition,10,95,2.2764679999998095e-06
partition,10,96,2.181087999999498e-06
partition,10,97,2.1709919999999274e-06
partition,10,98,2.2405190000007736e-06
partition,10,99,2.185157000000437e-06
vertex_cover,5,0,6.156457999999532e-06
vertex_cover,5,1,6.2346250000002715e-06
vertex_cover,5,2,5.168117000000194e-06
vertex_cover,5,3,6.196638999999671e-06
vertex_cover,5,4,6.3797280000006395e-06
vertex_cover,5,5,5.403936000000442e-06
vertex_cover,5,6,6.077126999999294e-06
vertex_cover,5,7,6.446090999999932e-06
vertex_cover,5,8,6.022053000000582e-06
vertex_cover,5,9,5.7192569999999775e-06
vertex_cover,5,10,5.712513999999836e-06
vertex_cover,5,11,4.601141999999392e-06
vertex_cover,5,12,5.522157999999778e-06
vertex_cover,5,13,6.048706999999709e-06
vertex_cover,5,14,5.751831999999624e-06
vertex_cover,5,15,5.6366649999999295e-06
vertex_cover,5,16,6.811667000000021e-06
vertex_cover,5,17,5.503861999999416e-06
vertex_cover,5,18,7.025930999999375e-06
vertex_cover,5,19,5.778550000000493e-06
vertex_cover,5,20,5.400745999999401e-06
vertex_cover,5,21,5.818572999999993e-06
vertex_cover,5,22,6.02898300000021e-06
vertex_cover,5,23,5.83909699999996e-06
vertex_cover,5,24,5.800242999999483e-06
vertex_cover,5,25,5.642610999999853e-06
vertex_cover,5,26,5.264946000000492e-06
vertex_cover,5,27,6.0208410000006654e-06
vertex_cover,5,28,6.7717240000000344e-06
vertex_cover,5,29,6.189620999999868e-06
vertex_cover,5,30,6.255184999999663e-06
vertex_cover,5,31,6.379275999999656e-06
vertex_cover,5,32,5.772318999999193e-06
vertex_cover,5,33,5.370564999999772e-06
vertex_cover,5,34,5.289306000000771e-06
vertex_cover,5,35,4.324511000000086e-06
vertex_cover,5,36,5.2187329999995316e-06
vertex_cover,5,37,5.210208000000272e-06
vertex_cover,5,38,6.179017000000009e-06
vertex_cover,5,39,6.4294049999995555e-06
vertex_cover,5,40,6.2094820000000436e-06
vertex_cover,5,41,5.288994999999908e-06
vertex_cover,5,42,6.155148999999582e-06
vertex_cover,5,43,6.457574999999771e-06
vertex_cover,5,44,6.450795999999315e-06
vertex_cover,5,45,6.9614979999999e-06
vertex_cover,5,46,5.575534000000104e-06
vertex_cover,5,47,7.02748299999989e-06
vertex_cover,5,48,5.8709000000005675e-06
vertex_cover,5,49,6.180100999999994e-06
vertex_cover,5,50,6.450917000000445e-06
vertex_cover,5,51,5.693242000000431e-06
vertex_cover,5,52,5.97818700000019e-06
vertex_cover,5,53,4.4702870000001834e-06
vertex_cover,5,54,6.028854999999389e-06
vertex_cover,5,55,5.866590000000116e-06
vertex_cover,5,56,5.880482000000242e-06
vertex_cover,5,57,5.363403000000489e-06
vertex_cover,5,58,5.813636999999261e-06
vertex_cover,5,59,5.813194999999993e-06
vertex_cover,5,60,5.269627999999749e-06
vertex_cover,5,61,6.54959700000024e-06
vertex_cover,5,62,5.724387999999969e-06
vertex_cover,5,63,6.353375999999855e-06
vertex_cover,5,64,5.796464000000334e-06
vertex_cover,5,65,5.775071000000409e-06
vertex_cover,5,66,6.107767000000486e-06
vertex_cover,5,67,6.074863000000263e-06
vertex_cover,5,68,5.675784000000128e-06
vertex_cover,5,69,5.54862899999975e-06
vertex_cover,5,70,5.770703000000487e-06
vertex_cover,5,71,6.256358999999989e-06
vertex_cover,5,72,5.150751000000397e-06
vertex_cover,5,73,6.260840999999573e-06
vertex_cover,5,74,6.188919000000404e-06
vertex_cover,5,75,5.497714000000542e-06
vertex_cover,5,76,6.7753699999997255e-06
vertex_cover,5,77,6.028612999999794e-06
vertex_cover,5,78,5.814091999999604e-06
vertex_cover,5,79,6.701475999999928e-06
vertex_cover,5,80,4.572279000000457e-06
vertex_cover,5,81,5.8956740000004615e-06
vertex_cover,5,82,5.880022000000373e-06
vertex_cover,5,83,6.5199920000003075e-06
vertex_cover,5,84,6.054514999999761e-06
vertex_cover,5,85,5.279886999999484e-06
vertex_cover,5,86,5.800899999999664e-06
vertex_cover,5,87,6.161705999999434e-06
vertex_cover,5,88,5.140987999999958e-06
vertex_cover,5,89,5.909640999999688e-06
vertex_cover,5,90,5.9889169999998156e-06
vertex_cover,5,91,5.943248000000345e-06
vertex_cover,5,92,5.410025999999846e-06
vertex_cover,5,93,6.707749000000263e-06
vertex_cover,5,94,6.256063000000367e-06
vertex_cover,5,95,5.6949699999995216e-06
vertex_cover,5,96,6.145574000000487e-06
vertex_cover,5,97,5.192636000000306e-06
vertex_cover,5,98,7.520712999999901e-06
vertex_cover,5,99,5.980483000000092e-06
vertex_cover,6,0,6.65958400000033e-06
vertex_cover,6,1,8.05295500000014e-06
vertex_cover,6,2,7.063142000000689e-06
vertex_cover,6,3,7.548090999999424e-06
vertex_cover,6,4,9.026056999999809e-06
vertex_cover,6,5,6.7743370000004075e-06
vertex_cover,6,6,8.028042999999484e-06
vertex_cover,6,7,9.149246000000665e-06
vertex_cover,6,8,8.966839000000171e-06
vertex_cover,6,9,8.247998999999951e-06
vertex_cover,6,10,7.423129999999389e-06
vertex_cover,6,11,7.820101999999274e-06
vertex_cover,6,12,8.223684999999925e-06
vertex_cover,6,13,8.452227999999451e-06
vertex_cover,6,14,8.14836499999938e-06
vertex_cover,6,15,7.70574899999943e-06
vertex_cover,6,16,9.178827999999584e-06
vertex_cover,6,17,7.646603999999612e-06
vertex_cover,6,18,8.805557999999713e-06
vertex_cover,6,19,8.217997999999227e-06
vertex_cover,6,20,6.363326999999863e-06
vertex_cover,6,21,7.109643999999804e-06
vertex_cover,6,22,7.44616099999984e-06
vertex_cover,6,23,7.821274999999516e-06
vertex_cover,6,24,6.3947460000006725e-06
vertex_cover,6,25,7.176465999999771e-06
vertex_cover,6,26,6.916409999999651e-06
vertex_cover,6,27,7.5512849999999075e-06
vertex_cover,6,28,9.182372000000605e-06
vertex_cover,6,29,7.988314999999524e-06
vertex_cover,6,30,7.96732799999944e-06
vertex_cover,6,31,7.875662000000006e-06
vertex_cover,6,32,6.622109000000264e-06
vertex_cover,6,33,5.962803000000072e-06
vertex_cover,6,34,6.564787999999488e-06
vertex_cover,6,35,5.601254000000111e-06
vertex_cover,6,36,6.135919999999295e-06
vertex_cover,6,37,6.958781999999886e-06
vertex_cover,6,38,7.650800000000401e-06
vertex_cover,6,39,8.518138000000342e-06
vertex_cover,6,40,7.109570999999981e-06
vertex_cover,6,41,7.001061999999614e-06
vertex_cover,6,42,8.188661000000152e-06
vertex_cover,6,43,8.036011999999815e-06
vertex_cover,6,44,7.712955999999771e-06
vertex_cover,6,45,8.2377720000002e-06
vertex_cover,6,46,6.707389999999868e-06
vertex_cover,6,47,8.220056000000753e-06
vertex_cover,6,48,6.489820999999729e-06
vertex_cover,6,49,6.370307000000075e-06
vertex_cover,6,50,8.480534000000262e-06
vertex_cover,6,51,6.406794999999299e-06
vertex_cover,6,52,7.763908000000263e-06
vertex_cover,6,53,5.9174830000001675e-06
vertex_cover,6,54,6.944189000000378e-06
vertex_cover,6,55,6.37339500000067e-06
vertex_cover,6,56,6.865948999999816e-06
vertex_cover,6,57,6.380167999999742e-06
vertex_cover,6,58,7.704694000000067e-06
vertex_cover,6,59,6.9344210000004125e-06
vertex_cover,6,60,7.89706499999987e-06
vertex_cover,6,61,7.889592000000611e-06
vertex_cover,6,62,7.72031300000009e-06
vertex_cover,6,63,7.358147000000592e-06
vertex_cover,6,64,7.059643000000726e-06
vertex_cover,6,65,7.821977999999951e-06
vertex_cover,6,66,7.99408299999982e-06
vertex_cover,6,67,8.516696000000046e-06
vertex_cover,6,68,6.9433050000000665e-06
vertex_cover,6,69,6.9817940000005405e-06
vertex_cover,6,70,7.909864000000156e-06
vertex_cover,6,71,7.44076899999957e-06
vertex_cover,6,72,6.912759999999629e-06
vertex_cover,6,73,7.902600999999621e-06
vertex_cover,6,74,8.041565999999278e-06
vertex_cover,6,75,7.6005260000000514e-06
vertex_cover,6,76,8.08674099999962e-06
vertex_cover,6,77,7.701321999999955e-06
vertex_cover,6,78,7.457494999999703e-06
vertex_cover,6,79,8.550632000000391e-06
vertex_cover,6,80,6.4022260000005105e-06
vertex_cover,6,81,7.97040399999993e-06
vertex_cover,6,82,7.502754999999972e-06
vertex_cover,6,83,8.460933000000282e-06
vertex_cover,6,84,7.363286999999552e-06
vertex_cover,6,85,6.848493000000566e-06
vertex_cover,6,86,7.137689000000336e-06
vertex_cover,6,87,7.70237900000037e-06
vertex_cover,6,88,8.212861000000516e-06
vertex_cover,6,89,8.215778000000285e-06
vertex_cover,6,90,7.723397000000354e-06
vertex_cover,6,91,8.200114000000091e-06
vertex_cover,6,92,7.4067939999995504e-06
vertex_cover,6,93,8.428834000000052e-06
vertex_cover,6,94,8.038213999999933e-06
vertex_cover,6,95,7.006945999999736e-06
vertex_cover,6,96,8.457982000000364e-06
vertex_cover,6,97,7.418311000000344e-06
vertex_cover,6,98,8.120998999999962e-06
vertex_cover,6,99,7.932828999999586e-06
vertex_cover,7,0,8.905330000000156e-06
vertex_cover,7,1,1.0279659000000053e-05
vertex_cover,7,2,9.122440000000509e-06
vertex_cover,7,3,8.874707999999565e-06
vertex_cover,7,4,9.553180999999356e-06
vertex_cover,7,5,7.654093999999389e-06
vertex_cover,7,6,8.860438000000137e-06
vertex_cover,7,7,9.545129000000151e-06
vertex_cover,7,8,1.0593850000000237e-05
vertex_cover,7,9,8.933685999999774e-06
vertex_cover,7,10,9.001363000000317e-06
vertex_cover,7,11,8.581273999999972e-06
vertex_cover,7,12,9.011856999999956e-06
vertex_cover,7,13,9.685681000000556e-06
vertex_cover,7,14,9.209229999999734e-06
vertex_cover,7,15,8.3762639999998e-06
vertex_cover,7,16,9.658328999999632e-06
vertex_cover,7,17,7.9950249999996e-06
vertex_cover,7,18,9.669827000000631e-06
vertex_cover,7,19,9.886037000000237e-06
vertex_cover,7,20,8.712856999999907e-06
vertex_cover,7,21,9.00251799999996e-06
vertex_cover,7,22,8.294005999999855e-06
vertex_cover,7,23,9.656188000000122e-06
vertex_cover,7,24,8.591390999999504e-06
vertex_cover,7,25,7.93916699999997e-06
vertex_cover,7,26,8.327060000000053e-06
vertex_cover,7,27,8.15794599999986e-06
vertex_cover,7,28,1.0407779000000339e-05
vertex_cover,7,29,1.0275374000000781e-05
vertex_cover,7,30,8.17118299999997e-06
vertex_cover,7,31,1.0279320000000425e-05
vertex_cover,7,32,8.28953699999957e-06
vertex_cover,7,33,7.883297000000233e-06
vertex_cover,7,34,8.800628000000366e-06
vertex_cover,7,35,7.885669000000207e-06
vertex_cover,7,36,7.856521999999977e-06
vertex_cover,7,37,8.568034000000501e-06
vertex_cover,7,38,9.311251999999826e-06
vertex_cover,7,39,9.655323999999688e-06
vertex_cover,7,40,9.441675999999787e-06
vertex_cover,7,41,9.296996000000667e-06
vertex_cover,7,42,1.0232733999999687e-05
vertex_cover,7,43,1.0127970999999291e-05
vertex_cover,7,44,1.0703201000000107e-05
vertex_cover,7,45,1.0226051000000069e-05
vertex_cover,7,46,8.210619999999836e-06
vertex_cover,7,47,9.513850000000268e-06
vertex_cover,7,48,9.541554000000118e-06
vertex_cover,7,49,9.334785000000068e-06
vertex_cover,7,50,9.1047599999996e-06
vertex_cover,7,51,8.548945000000253e-06
vertex_cover,7,52,1.0267730999999891e-05
vertex_cover,7,53,8.476314000000151e-06
vertex_cover,7,54,7.980271000000094e-06
vertex_cover,7,55,9.050981999999764e-06
vertex_cover,7,56,8.890959999999559e-06
vertex_cover,7,57,6.824702999999488e-06
vertex_cover,7,58,1.0014629999999691e-05
vertex_cover,7,59,7.604107000000582e-06
vertex_cover,7,60,8.868121999999979e-06
vertex_cover,7,61,9.630862999999934e-06
vertex_cover,7,62,9.218720999999874e-06
vertex_cover,7,63,8.75295999999981e-06
vertex_cover,7,64,8.98883099999992e-06
vertex_cover,7,65,8.953445999999587e-06
vertex_cover,7,66,9.580161999999781e-06
vertex_cover,7,67,9.978341000000057e-06
vertex_cover,7,68,8.638401000000684e-06
vertex_cover,7,69,9.588506999999247e-06
vertex_cover,7,70,1.0166805999999973e-05
vertex_cover,7,71,9.567964999999568e-06
vertex_cover,7,72,8.578619999999759e-06
vertex_cover,7,73,9.343769000000002e-06
vertex_cover,7,74,9.664813999999744e-06
vertex_cover,7,75,9.474605999999497e-06
vertex_cover,7,76,9.687294999999984e-06
vertex_cover,7,77,8.641189000000438e-06
vertex_cover,7,78,9.427287000000284e-06
vertex_cover,7,79,1.0558473000000568e-05
vertex_cover,7,80,8.595718000000473e-06
vertex_cover,7,81,8.830588000000361e-06
vertex_cover,7,82,9.921911000000172e-06
vertex_cover,7,83,1.0034459999999967e-05
vertex_cover,7,84,9.044432999999685e-06
vertex_cover,7,85,8.404620999999502e-06
vertex_cover,7,86,8.478519999999712e-06
vertex_cover,7,87,9.4398929999997e-06
vertex_cover,7,88,9.329178999999854e-06
vertex_cover,7,89,9.467436999999634e-06
vertex_cover,7,90,8.757628999999766e-06
vertex_cover,7,91,9.06414600000005e-06
vertex_cover,7,92,7.276684999999894e-06
vertex_cover,7,93,8.650513000000081e-06
vertex_cover,7,94,9.939647999999578e-06
vertex_cover,7,95,9.455210999999686e-06
vertex_cover,7,96,9.943038000000293e-06
vertex_cover,7,97,9.02561400000046e-06
vertex_cover,7,98,9.71831699999992e-06
vertex_cover,7,99,9.651254000000442e-06
vertex_cover,8,0,1.0671422000000597e-05
vertex_cover,8,1,1.2651124999999653e-05
vertex_cover,8,2,1.0409301000000149e-05
vertex_cover,8,3,1.1041187000000008e-05
vertex_cover,8,4,1.0866041999999965e-05
vertex_cover,8,5,1.0253308000000238e-05
vertex_cover,8,6,1.0679248999999836e-05
vertex_cover,8,7,1.2644318999999626e-05
vertex_cover,8,8,1.308274800000042e-05
vertex_cover,8,9,1.1066016000000011e-05
vertex_cover,8,10,1.0303792999999396e-05
vertex_cover,8,11,1.0952422999999988e-05
vertex_cover,8,12,1.1041387999999764e-05
vertex_cover,8,13,1.0855766999999793e-05
vertex_cover,8,14,1.1464456999999762e-05
vertex_cover,8,15,1.0846582000000105e-05
vertex_cover,8,16,1.2599564000000285e-05
vertex_cover,8,17,9.643833000000157e-06
vertex_cover,8,18,1.194787900000005e-05
vertex_cover,8,19,1.2304791000000037e-05
vertex_cover,8,20,1.0995409000000401e-05
vertex_cover,8,21,1.1302257999999733e-05
vertex_cover,8,22,9.699508000000635e-06
vertex_cover,8,23,1.0988428000000106e-05
vertex_cover,8,24,9.803888000000427e-06
vertex_cover,8,25,1.0335239999999856e-05
vertex_cover,8,26,9.598422999999911e-06
vertex_cover,8,27,9.815935000000663e-06
vertex_cover,8,28,1.2893993999999687e-05
vertex_cover,8,29,1.2449240999999666e-05
vertex_cover,8,30,9.886917999999412e-06
vertex_cover,8,31,1.3248112000000312e-05
vertex_cover,8,32,1.1495416999999897e-05
vertex_cover,8,33,9.340980000000165e-06
vertex_cover,8,34,1.0164172999999722e-05
vertex_cover,8,35,9.89426099999946e-06
vertex_cover,8,36,9.807902000000368e-06
vertex_cover,8,37,9.819519999999749e-06
vertex_cover,8,38,1.1468337000000162e-05
vertex_cover,8,39,1.2795027000000126e-05
vertex_cover,8,40,1.0493588999999304e-05
vertex_cover,8,41,9.774664000000044e-06
vertex_cover,8,42,1.2186964000000522e-05
vertex_cover,8,43,1.1426164000000406e-05
vertex_cover,8,44,1.2313375000000626e-05
vertex_cover,8,45,1.242163800000018e-05
vertex_cover,8,46,1.1036915000000036e-05
vertex_cover,8,47,1.1604474999999504e-05
vertex_cover,8,48,1.2395700999999981e-05
vertex_cover,8,49,1.0741710000000459e-05
vertex_cover,8,50,1.0520486999999968e-05
vertex_cover,8,51,9.999379000000807e-06
vertex_cover,8,52,1.128065700000036e-05
vertex_cover,8,53,1.0675315000000297e-05
vertex_cover,8,54,1.0933694000000215e-05
vertex_cover,8,55,1.0403215000000188e-05
vertex_cover,8,56,1.0019508000000066e-05
vertex_cover,8,57,9.21907999999938e-06
vertex_cover,8,58,1.1508237000000143e-05
vertex_cover,8,59,9.73883500000028e-06
vertex_cover,8,60,1.0763503999999812e-05
vertex_cover,8,61,1.169123200000044e-05
vertex_cover,8,62,1.145745299999934e-05
vertex_cover,8,63,1.099718199999966e-05
vertex_cover,8,64,1.114296499999945e-05
vertex_cover,8,65,1.084924700000034e-05
vertex_cover,8,66,1.1101406999999952e-05
vertex_cover,8,67,1.180244199999958e-05
vertex_cover,8,68,1.0446829000000157e-05
vertex_cover,8,69,1.0916696999999865e-05
vertex_cover,8,70,1.2282103999999627e-05
vertex_cover,8,71,1.1743221999999776e-05
vertex_cover,8,72,1.1364487999999895e-05
vertex_cover,8,73,1.1300516000000371e-05
vertex_cover,8,74,1.115043599999943e-05
vertex_cover,8,75,1.1610303000000321e-05
vertex_cover,8,76,1.1260155000000438e-05
vertex_cover,8,77,1.1397294000000002e-05
vertex_cover,8,78,1.1208562999999394e-05
vertex_cover,8,79,1.359309700000022e-05
vertex_cover,8,80,1.1024523000000563e-05
vertex_cover,8,81,1.1558603000000111e-05
vertex_cover,8,82,1.2033745000000096e-05
vertex_cover,8,83,1.2783164000000013e-05
vertex_cover,8,84,1.0923075999999199e-05
vertex_cover,8,85,9.984205999999497e-06
vertex_cover,8,86,1.1920184000000055e-05
vertex_cover,8,87,1.1692648999999556e-05
vertex_cover,8,88,1.0665337999999914e-05
vertex_cover,8,89,1.1806450999999995e-05
vertex_cover,8,90,1.1535192000000194e-05
vertex_cover,8,91,1.0295043000000171e-05
vertex_cover,8,92,7.964691999999829e-06
vertex_cover,8,93,1.1460959999999964e-05
vertex_cover,8,94,1.281253999999965e-05
vertex_cover,8,95,1.1085539999999838e-05
vertex_cover,8,96,1.192619600000011e-05
vertex_cover,8,97,1.1530912000000448e-05
vertex_cover,8,98,1.1158623000000034e-05
vertex_cover,8,99,1.1803174000000638e-05
vertex_cover,9,0,1.231277800000008e-05
vertex_cover,9,1,1.5830977000000246e-05
vertex_cover,9,2,1.3664914999999666e-05
vertex_cover,9,3,1.2112300000000075e-05
vertex_cover,9,4,1.3170409999999855e-05
vertex_cover,9,5,1.2727970000000254e-05
vertex_cover,9,6,1.2818898999999994e-05
vertex_cover,9,7,1.5221391999999945e-05
vertex_cover,9,8,1.544388800000007e-05
vertex_cover,9,9,1.4196384999999979e-05
vertex_cover,9,10,1.2897395000000423e-05
vertex_cover,9,11,1.3607005999999976e-05
vertex_cover,9,12,1.4237472000000473e-05
vertex_cover,9,13,1.3689434999999862e-05
vertex_cover,9,14,1.364213299999939e-05
vertex_cover,9,15,1.3047696000000997e-05
vertex_cover,9,16,1.4768810999999715e-05
vertex_cover,9,17,1.1885504000000324e-05
vertex_cover,9,18,1.3110293999998745e-05
vertex_cover,9,19,1.3800561000000044e-05
vertex_cover,9,20,1.362299300000025e-05
vertex_cover,9,21,1.44607919999995e-05
vertex_cover,9,22,1.0436030999999346e-05
vertex_cover,9,23,1.364561799999997e-05
vertex_cover,9,24,1.3004255000000243e-05
vertex_cover,9,25,1.3679838000001609e-05
vertex_cover,9,26,1.110163999999969e-05
vertex_cover,9,27,1.1608250000000098e-05
vertex_cover,9,28,1.4787625000000304e-05
vertex_cover,9,29,1.3704504999999755e-05
vertex_cover,9,30,1.1859949999999842e-05
vertex_cover,9,31,1.4419137999999166e-05
vertex_cover,9,32,1.451006199999938e-05
vertex_cover,9,33,1.1732671999999055e-05
vertex_cover,9,34,1.246703600000032e-05
vertex_cover,9,35,1.2138696999999254e-05
vertex_cover,9,36,1.2564704999999065e-05
vertex_cover,9,37,1.2663897999999563e-05
vertex_cover,9,38,1.3826835999999786e-05
vertex_cover,9,39,1.3797545000000967e-05
vertex_cover,9,40,1.4055271000000147e-05
vertex_cover,9,41,1.244441699999932e-05
vertex_cover,9,42,1.4269587000001138e-05
vertex_cover,9,43,1.368675800000041e-05
vertex_cover,9,44,1.4866792000001184e-05
vertex_cover,9,45,1.3664084000000188e-05
vertex_cover,9,46,1.3335614999999023e-05
vertex_cover,9,47,1.4433543999999187e-05
vertex_cover,9,48,1.4425297999999031e-05
vertex_cover,9,49,1.3649899999998993e-05
vertex_cover,9,50,1.217280200000026e-05
vertex_cover,9,51,1.2095480000001047e-05
vertex_cover,9,52,1.3849657999999821e-05
vertex_cover,9,53,1.3016881999998731e-05
vertex_cover,9,54,1.3469771000000463e-05
vertex_cover,9,55,1.2414335999999083e-05
vertex_cover,9,56,1.4000801999999978e-05
vertex_cover,9,57,1.1223536999999339e-05
vertex_cover,9,58,1.4136309999999596e-05
vertex_cover,9,59,1.2073514000000785e-05
vertex_cover,9,60,1.3572913000000853e-05
vertex_cover,9,61,1.4958099999999419e-05
vertex_cover,9,62,1.4159976000000186e-05
vertex_cover,9,63,1.3444521000000265e-05
vertex_cover,9,64,1.4429081999999483e-05
vertex_cover,9,65,1.2895143999999803e-05
vertex_cover,9,66,1.35248189999988e-05
vertex_cover,9,67,1.4283919000000367e-05
vertex_cover,9,68,1.1706772999998449e-05
vertex_cover,9,69,1.356414799999861e-05
vertex_cover,9,70,1.3583641000000312e-05
vertex_cover,9,71,1.4808310999999463e-05
vertex_cover,9,72,1.3605575999999787e-05
vertex_cover,9,73,1.3941956000000033e-05
vertex_cover,9,74,1.3288584999999742e-05
vertex_cover,9,75,1.447718999999914e-05
vertex_cover,9,76,1.4003771999998804e-05
vertex_cover,9,77,1.3026659999999523e-05
vertex_cover,9,78,1.3728859000000426e-05
vertex_cover,9,79,1.6184364000000785e-05
vertex_cover,9,80,1.3995346000001518e-05
vertex_cover,9,81,1.3346509999999867e-05
vertex_cover,9,82,1.4185253000000841e-05
vertex_cover,9,83,1.40879690000002e-05
vertex_cover,9,84,1.3745902000000143e-05
vertex_cover,9,85,1.333760099999992e-05
vertex_cover,9,86,1.3998962000000503e-05
vertex_cover,9,87,1.403688699999961e-05
vertex_cover,9,88,1.334241500000033e-05
vertex_cover,9,89,1.3902522000000416e-05
vertex_cover,9,90,1.3529130000000223e-05
vertex_cover,9,91,1.335523300000041e-05
vertex_cover,9,92,1.1070606000000537e-05
vertex_cover,9,93,1.40542650000004e-05
vertex_cover,9,94,1.4520418000000036e-05
vertex_cover,9,95,1.3126940999999448e-05
vertex_cover,9,96,1.343046500000078e-05
vertex_cover,9,97,1.372168099999982e-05
vertex_cover,9,98,1.4200415000001243e-05
vertex_cover,9,99,1.3645447000000032e-05
vertex_cover,10,0,1.4642384000000065e-05
vertex_cover,10,1,1.8316865999999266e-05
vertex_cover,10,2,1.4788955000000214e-05
vertex_cover,10,3,1.527977399999969e-05
vertex_cover,10,4,1.5097342999998987e-05
vertex_cover,10,5,1.522479600000004e-05
vertex_cover,10,6,1.437251900000014e-05
vertex_cover,10,7,1.8418550999999894e-05
vertex_cover,10,8,1.8119391000000817e-05
vertex_cover,10,9,1.7821721000000678e-05
vertex_cover,10,10,1.65958100000001e-05
vertex_cover,10,11,1.5988627000000476e-05
vertex_cover,10,12,1.7359599000000613e-05
vertex_cover,10,13,1.5616568000000442e-05
vertex_cover,10,14,1.620686400000082e-05
vertex_cover,10,15,1.6062118999998985e-05
vertex_cover,10,16,1.811828500000168e-05
vertex_cover,10,17,1.5114970000000838e-05
vertex_cover,10,18,1.62830550000006e-05
vertex_cover,10,19,1.6391581999998904e-05
vertex_cover,10,20,1.6583020000000557e-05
vertex_cover,10,21,1.7015153000000892e-05
vertex_cover,10,22,1.3062866000000283e-05
vertex_cover,10,23,1.7196509999999778e-05
vertex_cover,10,24,1.4862718999999913e-05
vertex_cover,10,25,1.7052459000000296e-05
vertex_cover,10,26,1.477156199999996e-05
vertex_cover,10,27,1.457315999999942e-05
vertex_cover,10,28,1.8486982000000652e-05
vertex_cover,10,29,1.7565367999999636e-05
vertex_cover,10,30,1.5216424000000116e-05
vertex_cover,10,31,1.6926098999999083e-05
vertex_cover,10,32,1.7494716999999936e-05
vertex_cover,10,33,1.6175417999999553e-05
vertex_cover,10,34,1.540807700000002e-05
vertex_cover,10,35,1.4501102000000543e-05
vertex_cover,10,36,1.4762396000000066e-05
vertex_cover,10,37,1.4307284000000919e-05
vertex_cover,10,38,1.785666600000013e-05
vertex_cover,10,39,1.6862981000000944e-05
vertex_cover,10,40,1.6429959000001658e-05
vertex_cover,10,41,1.5093212000000023e-05
vertex_cover,10,42,1.5376685999999752e-05
vertex_cover,10,43,1.509055399999859e-05
vertex_cover,10,44,1.7392292000000255e-05
vertex_cover,10,45,1.6306013999999537e-05
vertex_cover,10,46,1.6471615000000384e-05
vertex_cover,10,47,1.5288695999998937e-05
vertex_cover,10,48,1.862905800000014e-05
vertex_cover,10,49,1.6292078000001097e-05
vertex_cover,10,50,1.4702905000000044e-05
vertex_cover,10,51,1.5001020000001474e-05
vertex_cover,10,52,1.5673330000000264e-05
vertex_cover,10,53,1.5896994999998526e-05
vertex_cover,10,54,1.6204608000000677e-05
vertex_cover,10,55,1.5947232000000257e-05
vertex_cover,10,56,1.6610928000000414e-05
vertex_cover,10,57,1.457012199999852e-05
vertex_cover,10,58,1.703017500000037e-05
vertex_cover,10,59,1.4572810000000658e-05
vertex_cover,10,60,1.556627700000135e-05
vertex_cover,10,61,1.832083999999945e-05
vertex_cover,10,62,1.6326287000000052e-05
vertex_cover,10,63,1.675594099999955e-05
vertex_cover,10,64,1.7647667000000312e-05
vertex_cover,10,65,1.6134877000000712e-05
vertex_cover,10,66,1.7821635999998974e-05
vertex_cover,10,67,1.6559160000001683e-05
vertex_cover,10,68,1.484711999999888e-05
vertex_cover,10,69,1.6618388999999566e-05
vertex_cover,10,70,1.5718070000000138e-05
vertex_cover,10,71,1.8809369999999605e-05
vertex_cover,10,72,1.7774990999999574e-05
vertex_cover,10,73,1.724570700000072e-05
vertex_cover,10,74,1.5577517999998845e-05
vertex_cover,10,75,1.7392321000000878e-05
vertex_cover,10,76,1.6390190999999278e-05
vertex_cover,10,77,1.5506226000001178e-05
vertex_cover,10,78,1.6970440000001476e-05
vertex_cover,10,79,1.8473061999999983e-05
vertex_cover,10,80,1.6797184000001408e-05
vertex_cover,10,81,1.658693500000119e-05
vertex_cover,10,82,1.7268420999998922e-05
vertex_cover,10,83,1.6458840000000307e-05
vertex_cover,10,84,1.5445914000000727e-05
vertex_cover,10,85,1.6532948000000048e-05
vertex_cover,10,86,1.5924576000001522e-05
vertex_cover,10,87,1.5605680999998482e-05
vertex_cover,10,88,1.700694300000016e-05
vertex_cover,10,89,1.619989099999941e-05
vertex_cover,10,90,1.6407906999999612e-05
vertex_cover,10,91,1.7055755999999532e-05
vertex_cover,10,92,1.3632059999999058e-05
vertex_cover,10,93,1.677759700000081e-05
vertex_cover,10,94,1.845680999999999e-05
vertex_cover,10,95,1.646257300000009e-05
vertex_cover,10,96,1.6419220999999594e-05
vertex_cover,10,97,1.6083121999999504e-05
vertex_cover,10,98,1.6745261000000512e-05
vertex_cover,10,99,1.554750299999874e-05
